{"text": " Yeah, let's think about how we want to approach this. I was thinking that we could have a system where you Create new projects save them and are able to restore them and Those projects would be stored in the database What do you think?", "segments": [{"id": 0, "seek": 0, "start": 0.0, "end": 9.200000000000001, "text": " Yeah, let's think about how we want to approach this. I was thinking that we could have a system where you", "tokens": [50364, 865, 11, 718, 311, 519, 466, 577, 321, 528, 281, 3109, 341, 13, 286, 390, 1953, 300, 321, 727, 362, 257, 1185, 689, 291, 50824], "temperature": 0.0, "avg_logprob": -0.3309805968712116, "compression_ratio": 1.5161290322580645, "no_speech_prob": 0.021187348291277885}, {"id": 1, "seek": 0, "start": 10.8, "end": 16.72, "text": " Create new projects save them and are able to restore them and", "tokens": [50904, 20248, 777, 4455, 3155, 552, 293, 366, 1075, 281, 15227, 552, 293, 51200], "temperature": 0.0, "avg_logprob": -0.3309805968712116, "compression_ratio": 1.5161290322580645, "no_speech_prob": 0.021187348291277885}, {"id": 2, "seek": 0, "start": 17.68, "end": 21.52, "text": " Those projects would be stored in the database", "tokens": [51248, 3950, 4455, 576, 312, 12187, 294, 264, 8149, 51440], "temperature": 0.0, "avg_logprob": -0.3309805968712116, "compression_ratio": 1.5161290322580645, "no_speech_prob": 0.021187348291277885}, {"id": 3, "seek": 0, "start": 23.76, "end": 25.76, "text": " What do you think?", "tokens": [51552, 708, 360, 291, 519, 30, 51652], "temperature": 0.0, "avg_logprob": -0.3309805968712116, "compression_ratio": 1.5161290322580645, "no_speech_prob": 0.021187348291277885}], "language": "en"}