{"text": " Yeah, that sounds like a good thing for you to work on next. Thanks.", "segments": [{"id": 0, "seek": 0, "start": 0.0, "end": 3.2, "text": " Yeah, that sounds like a good thing for you to work on next. Thanks.", "tokens": [50364, 865, 11, 300, 3263, 411, 257, 665, 551, 337, 291, 281, 589, 322, 958, 13, 2561, 13, 50524], "temperature": 0.0, "avg_logprob": -0.3605195045471191, "compression_ratio": 0.9714285714285714, "no_speech_prob": 0.025179432705044746}], "language": "en"}