{"text": " I'm not sure that it's saving your memory files correctly. I got a message saying that it didn't merge your changes in right?", "segments": [{"id": 0, "seek": 0, "start": 0.0, "end": 7.6000000000000005, "text": " I'm not sure that it's saving your memory files correctly. I got a message saying that it didn't merge your changes in right?", "tokens": [50364, 286, 478, 406, 988, 300, 309, 311, 6816, 428, 4675, 7098, 8944, 13, 286, 658, 257, 3636, 1566, 300, 309, 994, 380, 22183, 428, 2962, 294, 558, 30, 50744], "temperature": 0.0, "avg_logprob": -0.27649519520421184, "compression_ratio": 1.25, "no_speech_prob": 0.009631261229515076}], "language": "en"}