{"text": " Yes, that sounds like a good idea. I was also thinking that it might be good if we offered the ability to use other AI models, like OpenAI or Gemini, the user could provide an API key.", "segments": [{"id": 0, "seek": 0, "start": 0.0, "end": 2.48, "text": " Yes, that sounds like a good idea.", "tokens": [50364, 1079, 11, 300, 3263, 411, 257, 665, 1558, 13, 50488], "temperature": 0.0, "avg_logprob": -0.29172338223924826, "compression_ratio": 1.3333333333333333, "no_speech_prob": 0.011232524178922176}, {"id": 1, "seek": 0, "start": 2.48, "end": 11.88, "text": " I was also thinking that it might be good if we offered the ability to use other AI models,", "tokens": [50488, 286, 390, 611, 1953, 300, 309, 1062, 312, 665, 498, 321, 8059, 264, 3485, 281, 764, 661, 7318, 5245, 11, 50958], "temperature": 0.0, "avg_logprob": -0.29172338223924826, "compression_ratio": 1.3333333333333333, "no_speech_prob": 0.011232524178922176}, {"id": 2, "seek": 0, "start": 11.88, "end": 18.0, "text": " like OpenAI or Gemini, the user could provide an API key.", "tokens": [50958, 411, 7238, 48698, 420, 22894, 3812, 11, 264, 4195, 727, 2893, 364, 9362, 2141, 13, 51264], "temperature": 0.0, "avg_logprob": -0.29172338223924826, "compression_ratio": 1.3333333333333333, "no_speech_prob": 0.011232524178922176}], "language": "en"}