{"text": " Which AI model are you using for generation? Is it possible to allow the user to choose which model they want to use?", "segments": [{"id": 0, "seek": 0, "start": 0.0, "end": 5.0, "text": " Which AI model are you using for generation?", "tokens": [50364, 3013, 7318, 2316, 366, 291, 1228, 337, 5125, 30, 50614], "temperature": 0.0, "avg_logprob": -0.19432247479756673, "compression_ratio": 1.1938775510204083, "no_speech_prob": 0.015166286379098892}, {"id": 1, "seek": 0, "start": 5.0, "end": 12.0, "text": " Is it possible to allow the user to choose which model they want to use?", "tokens": [50614, 1119, 309, 1944, 281, 2089, 264, 4195, 281, 2826, 597, 2316, 436, 528, 281, 764, 30, 50964], "temperature": 0.0, "avg_logprob": -0.19432247479756673, "compression_ratio": 1.1938775510204083, "no_speech_prob": 0.015166286379098892}], "language": "en"}